{"lodLevels":1,"environment":null,"filenames":["0_0/meta.json","0_1/meta.json"],"tree":{"bound":{"min":[-2.245997,-3.356057,-2.057404],"max":[3.261403,0.3624249,1.162586]},"children":[{"bound":{"min":[-2.245997,-2.379321,-2.057404],"max":[0.7162576,0.3367758,1.162586]},"children":[{"bound":{"min":[-2.245997,-2.379321,-2.057404],"max":[0.7162576,0.3239493,0.209695]},"lods":{"0":{"file":0,"offset":0,"count":459648}}},{"bound":{"min":[-2.177319,-2.368935,-0.243637],"max":[0.4632806,0.3367758,1.162586]},"lods":{"0":{"file":0,"offset":459648,"count":459648}}}]},{"bound":{"min":[-0.1491203,-3.356057,-2.037777],"max":[3.261403,0.3624249,1.122037]},"children":[{"bound":{"min":[0.111105,-3.356057,-1.521126],"max":[3.023536,-0.9113413,0.8517301]},"lods":{"0":{"file":1,"offset":0,"count":459648}}},{"bound":{"min":[-0.1491203,-1.687048,-2.037777],"max":[3.261403,0.3624249,1.122037]},"lods":{"0":{"file":1,"offset":459648,"count":459649}}}]}]}}